employee_id,annual_salary,salary_band,coverage_tier,age_band,region,utilisation_tier,annual_allowed_cost
EMP-0001,40600.0,40k-59k,family,45-54,Region A,low,1270.0
EMP-0002,64600.0,60k-79k,employee_only,55-64,Region A,low,750.0
EMP-0003,24700.0,<40k,family,55-64,Region C,low,1430.0
EMP-0004,108700.0,80k-119k,employee_only,35-44,Region B,medium,3690.0
EMP-0005,77300.0,60k-79k,family,35-44,Region B,high,42540.0
EMP-0006,50900.0,40k-59k,family,45-54,Region B,medium,8460.0
EMP-0007,50400.0,40k-59k,employee_only,55-64,Region A,low,530.0
EMP-0008,66500.0,60k-79k,family,55-64,Region B,medium,5340.0
EMP-0009,51400.0,40k-59k,employee_only,25-34,Region C,medium,5140.0
EMP-0010,52400.0,40k-59k,employee_only,55-64,Region C,low,450.0
EMP-0011,80200.0,80k-119k,family,45-54,Region A,medium,5570.0
EMP-0012,73100.0,60k-79k,employee_only,55-64,Region C,low,570.0
EMP-0013,56400.0,40k-59k,family,25-34,Region B,low,1150.0
EMP-0014,55800.0,40k-59k,employee_only,55-64,Region A,low,870.0
EMP-0015,62400.0,60k-79k,employee_only,45-54,Region B,medium,4070.0
EMP-0016,44000.0,40k-59k,employee_only,25-34,Region A,low,450.0
EMP-0017,48400.0,40k-59k,family,35-44,Region A,low,1060.0
EMP-0018,74200.0,60k-79k,family,25-34,Region A,low,1820.0
EMP-0019,54700.0,40k-59k,employee_only,45-54,Region B,low,440.0
EMP-0020,31200.0,<40k,family,35-44,Region A,medium,5240.0
EMP-0021,46800.0,40k-59k,employee_only,35-44,Region A,low,310.0
EMP-0022,77900.0,60k-79k,employee_only,55-64,Region A,high,21430.0
EMP-0023,52200.0,40k-59k,employee_only,45-54,Region A,low,320.0
EMP-0024,54200.0,40k-59k,employee_only,25-34,Region B,high,11070.0
EMP-0025,77400.0,60k-79k,employee_only,45-54,Region A,medium,4140.0
EMP-0026,131800.0,120k+,family,35-44,Region B,low,1920.0
EMP-0027,42100.0,40k-59k,employee_only,25-34,Region C,medium,2160.0
EMP-0028,106400.0,80k-119k,family,25-34,Region C,low,1170.0
EMP-0029,33300.0,<40k,employee_only,35-44,Region A,medium,4570.0
EMP-0030,62800.0,60k-79k,employee_only,55-64,Region A,low,600.0
EMP-0031,34300.0,<40k,family,55-64,Region A,medium,7190.0
EMP-0032,106500.0,80k-119k,employee_only,25-34,Region A,low,580.0
EMP-0033,84400.0,80k-119k,employee_only,35-44,Region A,high,19340.0
EMP-0034,96800.0,80k-119k,employee_only,55-64,Region B,medium,2210.0
EMP-0035,38900.0,<40k,family,35-44,Region A,medium,5920.0
EMP-0036,78900.0,60k-79k,employee_only,55-64,Region A,medium,4800.0
EMP-0037,45900.0,40k-59k,employee_only,35-44,Region A,medium,6010.0
EMP-0038,47200.0,40k-59k,employee_only,25-34,Region A,low,770.0
EMP-0039,72800.0,60k-79k,family,35-44,Region B,low,1360.0
EMP-0040,86100.0,80k-119k,family,35-44,Region A,medium,6670.0
EMP-0041,63600.0,60k-79k,employee_only,55-64,Region A,low,570.0
EMP-0042,43700.0,40k-59k,employee_only,35-44,Region B,high,24170.0
EMP-0043,40000.0,40k-59k,employee_only,25-34,Region A,medium,5060.0
EMP-0044,111100.0,80k-119k,employee_only,45-54,Region B,low,560.0
EMP-0045,75800.0,60k-79k,employee_only,35-44,Region A,low,640.0
EMP-0046,80200.0,80k-119k,employee_only,35-44,Region B,low,340.0
EMP-0047,154900.0,120k+,employee_only,55-64,Region A,medium,3100.0
EMP-0048,40200.0,40k-59k,family,45-54,Region A,low,2420.0
EMP-0049,183500.0,120k+,family,45-54,Region B,medium,8060.0
EMP-0050,239500.0,120k+,employee_only,55-64,Region A,medium,3820.0
EMP-0051,120100.0,120k+,family,45-54,Region B,medium,11590.0
EMP-0052,84200.0,80k-119k,employee_only,55-64,Region C,low,740.0
EMP-0053,43000.0,40k-59k,family,45-54,Region A,low,1500.0
EMP-0054,90700.0,80k-119k,employee_only,35-44,Region A,low,460.0
EMP-0055,47500.0,40k-59k,employee_only,25-34,Region B,medium,1530.0
EMP-0056,57400.0,40k-59k,family,25-34,Region A,medium,5640.0
EMP-0057,50900.0,40k-59k,family,35-44,Region B,low,1300.0
EMP-0058,65900.0,60k-79k,family,18-24,Region A,low,1860.0
EMP-0059,103600.0,80k-119k,family,25-34,Region A,low,1560.0
EMP-0060,45200.0,40k-59k,family,45-54,Region A,medium,12630.0
EMP-0061,37200.0,<40k,employee_only,45-54,Region B,low,360.0
EMP-0062,36900.0,<40k,employee_only,18-24,Region B,low,300.0
EMP-0063,37500.0,<40k,employee_only,25-34,Region B,medium,4020.0
EMP-0064,30500.0,<40k,family,35-44,Region C,low,2700.0
EMP-0065,38500.0,<40k,family,35-44,Region C,low,1560.0
EMP-0066,103800.0,80k-119k,employee_only,35-44,Region A,low,460.0
EMP-0067,44400.0,40k-59k,family,25-34,Region B,medium,11540.0
EMP-0068,65100.0,60k-79k,family,55-64,Region A,low,2370.0
EMP-0069,33500.0,<40k,family,25-34,Region A,medium,5540.0
EMP-0070,62600.0,60k-79k,employee_only,35-44,Region C,low,500.0
EMP-0071,26500.0,<40k,employee_only,35-44,Region B,medium,4630.0
EMP-0072,42400.0,40k-59k,family,35-44,Region A,medium,9230.0
EMP-0073,160000.0,120k+,employee_only,65+,Region A,medium,2470.0
EMP-0074,44600.0,40k-59k,family,25-34,Region B,low,1310.0
EMP-0075,96000.0,80k-119k,family,25-34,Region C,low,1070.0
EMP-0076,71200.0,60k-79k,family,25-34,Region B,low,870.0
EMP-0077,54100.0,40k-59k,employee_only,45-54,Region B,low,620.0
EMP-0078,43200.0,40k-59k,family,35-44,Region A,low,920.0
EMP-0079,103500.0,80k-119k,employee_only,55-64,Region A,medium,3120.0
EMP-0080,53600.0,40k-59k,family,18-24,Region A,low,1050.0
EMP-0081,115300.0,80k-119k,employee_only,35-44,Region B,medium,3780.0
EMP-0082,42000.0,40k-59k,employee_only,45-54,Region A,medium,2870.0
EMP-0083,59500.0,40k-59k,family,35-44,Region A,high,39690.0
EMP-0084,71500.0,60k-79k,employee_only,35-44,Region C,low,320.0
EMP-0085,68600.0,60k-79k,employee_only,45-54,Region A,medium,3520.0
EMP-0086,33300.0,<40k,employee_only,35-44,Region B,low,480.0
EMP-0087,43000.0,40k-59k,employee_only,55-64,Region A,low,420.0
EMP-0088,53100.0,40k-59k,family,25-34,Region C,medium,9730.0
EMP-0089,39500.0,<40k,employee_only,35-44,Region A,medium,4430.0
EMP-0090,78700.0,60k-79k,family,45-54,Region B,low,2590.0
EMP-0091,75600.0,60k-79k,employee_only,55-64,Region C,low,590.0
EMP-0092,24000.0,<40k,employee_only,25-34,Region B,low,600.0
EMP-0093,25700.0,<40k,employee_only,45-54,Region A,medium,2330.0
EMP-0094,32600.0,<40k,employee_only,45-54,Region C,medium,2560.0
EMP-0095,61100.0,60k-79k,employee_only,55-64,Region C,medium,4850.0
EMP-0096,144800.0,120k+,family,35-44,Region B,low,1230.0
EMP-0097,48800.0,40k-59k,family,35-44,Region A,medium,15840.0
EMP-0098,64900.0,60k-79k,family,45-54,Region B,low,940.0
EMP-0099,35900.0,<40k,employee_only,25-34,Region C,medium,3080.0
EMP-0100,36200.0,<40k,employee_only,18-24,Region B,low,520.0
EMP-0101,24000.0,<40k,employee_only,45-54,Region A,low,440.0
EMP-0102,57300.0,40k-59k,family,45-54,Region C,high,39230.0
EMP-0103,88800.0,80k-119k,employee_only,45-54,Region A,high,15710.0
EMP-0104,49400.0,40k-59k,family,35-44,Region A,low,1550.0
EMP-0105,108700.0,80k-119k,family,45-54,Region C,low,1410.0
EMP-0106,63400.0,60k-79k,family,45-54,Region B,medium,12210.0
EMP-0107,57100.0,40k-59k,employee_only,25-34,Region A,low,1340.0
EMP-0108,73200.0,60k-79k,employee_only,45-54,Region B,medium,4240.0
EMP-0109,72200.0,60k-79k,employee_only,55-64,Region C,medium,3760.0
EMP-0110,97200.0,80k-119k,family,35-44,Region C,medium,6030.0
EMP-0111,40400.0,40k-59k,employee_only,25-34,Region A,medium,2710.0
EMP-0112,22000.0,<40k,employee_only,35-44,Region A,low,310.0
EMP-0113,61100.0,60k-79k,employee_only,55-64,Region A,high,19990.0
EMP-0114,44000.0,40k-59k,employee_only,35-44,Region A,medium,1960.0
EMP-0115,57300.0,40k-59k,employee_only,55-64,Region A,medium,4170.0
EMP-0116,122700.0,120k+,family,55-64,Region A,high,33740.0
EMP-0117,35300.0,<40k,employee_only,45-54,Region B,low,640.0
EMP-0118,81800.0,80k-119k,employee_only,45-54,Region B,medium,3940.0
EMP-0119,88800.0,80k-119k,employee_only,25-34,Region A,high,8750.0
EMP-0120,71400.0,60k-79k,family,25-34,Region C,medium,6480.0
EMP-0121,95900.0,80k-119k,family,45-54,Region A,low,1660.0
EMP-0122,47200.0,40k-59k,employee_only,35-44,Region A,low,670.0
EMP-0123,42700.0,40k-59k,employee_only,25-34,Region B,medium,4350.0
EMP-0124,92600.0,80k-119k,employee_only,18-24,Region A,low,500.0
EMP-0125,80200.0,80k-119k,employee_only,25-34,Region A,low,550.0
EMP-0126,108400.0,80k-119k,employee_only,35-44,Region B,low,1050.0
EMP-0127,63800.0,60k-79k,employee_only,55-64,Region A,low,610.0
EMP-0128,120400.0,120k+,family,35-44,Region B,high,58700.0
EMP-0129,51100.0,40k-59k,family,45-54,Region A,low,1340.0
EMP-0130,36000.0,<40k,employee_only,25-34,Region C,low,330.0
EMP-0131,23200.0,<40k,family,45-54,Region A,high,51830.0
EMP-0132,35300.0,<40k,employee_only,55-64,Region C,medium,3980.0
EMP-0133,83800.0,80k-119k,employee_only,35-44,Region B,low,790.0
EMP-0134,30000.0,<40k,employee_only,35-44,Region C,low,410.0
EMP-0135,47300.0,40k-59k,employee_only,55-64,Region A,low,440.0
EMP-0136,149700.0,120k+,family,25-34,Region A,medium,4020.0
EMP-0137,84900.0,80k-119k,family,55-64,Region A,medium,10420.0
EMP-0138,129900.0,120k+,employee_only,55-64,Region C,low,750.0
EMP-0139,37100.0,<40k,family,55-64,Region A,medium,6770.0
EMP-0140,22000.0,<40k,employee_only,55-64,Region A,low,480.0
EMP-0141,114800.0,80k-119k,family,35-44,Region B,high,40830.0
EMP-0142,30700.0,<40k,family,45-54,Region C,medium,14930.0
EMP-0143,60400.0,60k-79k,family,35-44,Region B,high,60470.0
EMP-0144,64000.0,60k-79k,family,25-34,Region A,low,2190.0
EMP-0145,37800.0,<40k,employee_only,65+,Region A,low,540.0
EMP-0146,116600.0,80k-119k,employee_only,18-24,Region B,medium,2820.0
EMP-0147,116500.0,80k-119k,family,25-34,Region A,low,2160.0
EMP-0148,74300.0,60k-79k,employee_only,55-64,Region A,medium,1840.0
EMP-0149,57200.0,40k-59k,family,55-64,Region A,low,1760.0
EMP-0150,63200.0,60k-79k,employee_only,25-34,Region A,low,360.0
EMP-0151,35400.0,<40k,employee_only,65+,Region A,low,740.0
EMP-0152,52100.0,40k-59k,employee_only,45-54,Region B,medium,3930.0
EMP-0153,55300.0,40k-59k,employee_only,45-54,Region C,low,410.0
EMP-0154,39500.0,<40k,family,35-44,Region A,low,1580.0
EMP-0155,85000.0,80k-119k,employee_only,35-44,Region B,low,380.0
EMP-0156,30500.0,<40k,employee_only,18-24,Region A,medium,2280.0
EMP-0157,47300.0,40k-59k,employee_only,35-44,Region A,low,490.0
EMP-0158,22000.0,<40k,employee_only,35-44,Region B,medium,2520.0
EMP-0159,72500.0,60k-79k,family,25-34,Region A,low,2070.0
EMP-0160,81000.0,80k-119k,family,25-34,Region A,low,3040.0
EMP-0161,76700.0,60k-79k,family,25-34,Region C,low,1470.0
EMP-0162,215600.0,120k+,employee_only,35-44,Region A,medium,3280.0
EMP-0163,88500.0,80k-119k,family,45-54,Region C,low,1900.0
EMP-0164,38000.0,<40k,family,35-44,Region A,low,1310.0
EMP-0165,192300.0,120k+,employee_only,35-44,Region A,low,660.0
EMP-0166,38300.0,<40k,family,45-54,Region B,low,760.0
EMP-0167,82700.0,80k-119k,employee_only,55-64,Region C,low,440.0
EMP-0168,81000.0,80k-119k,employee_only,35-44,Region B,low,330.0
EMP-0169,39000.0,<40k,employee_only,35-44,Region A,low,290.0
EMP-0170,108700.0,80k-119k,family,55-64,Region A,medium,11890.0
EMP-0171,68000.0,60k-79k,employee_only,18-24,Region A,low,510.0
EMP-0172,75000.0,60k-79k,family,35-44,Region A,high,75880.0
EMP-0173,42800.0,40k-59k,employee_only,45-54,Region A,low,950.0
EMP-0174,104200.0,80k-119k,family,35-44,Region A,low,1430.0
EMP-0175,39400.0,<40k,family,45-54,Region B,low,1260.0
EMP-0176,26000.0,<40k,employee_only,55-64,Region A,medium,2520.0
EMP-0177,110100.0,80k-119k,family,45-54,Region C,low,620.0
EMP-0178,47900.0,40k-59k,family,35-44,Region B,low,1210.0
EMP-0179,59100.0,40k-59k,family,45-54,Region A,low,1330.0
EMP-0180,137800.0,120k+,family,45-54,Region B,medium,6730.0
EMP-0181,96700.0,80k-119k,family,35-44,Region A,medium,6060.0
EMP-0182,77100.0,60k-79k,employee_only,18-24,Region A,medium,3180.0
EMP-0183,93900.0,80k-119k,employee_only,55-64,Region A,medium,2880.0
EMP-0184,41800.0,40k-59k,employee_only,35-44,Region A,medium,3430.0
EMP-0185,81400.0,80k-119k,family,25-34,Region C,high,30970.0
EMP-0186,95600.0,80k-119k,employee_only,25-34,Region A,high,32480.0
EMP-0187,81500.0,80k-119k,family,35-44,Region B,medium,10280.0
EMP-0188,52900.0,40k-59k,employee_only,35-44,Region A,medium,3090.0
EMP-0189,22000.0,<40k,family,35-44,Region B,high,33240.0
EMP-0190,74500.0,60k-79k,employee_only,35-44,Region C,low,400.0
EMP-0191,61100.0,60k-79k,employee_only,18-24,Region A,low,740.0
EMP-0192,49100.0,40k-59k,employee_only,65+,Region A,high,14560.0
EMP-0193,82300.0,80k-119k,employee_only,18-24,Region B,low,570.0
EMP-0194,65400.0,60k-79k,family,55-64,Region A,medium,9820.0
EMP-0195,63600.0,60k-79k,family,18-24,Region B,low,1200.0
EMP-0196,29700.0,<40k,family,35-44,Region C,low,1590.0
EMP-0197,30100.0,<40k,family,45-54,Region C,medium,4430.0
EMP-0198,68500.0,60k-79k,family,45-54,Region B,low,1040.0
EMP-0199,60000.0,60k-79k,employee_only,45-54,Region A,low,290.0
EMP-0200,61700.0,60k-79k,family,25-34,Region A,high,37850.0
EMP-0201,62500.0,60k-79k,employee_only,55-64,Region C,medium,2810.0
EMP-0202,69800.0,60k-79k,employee_only,45-54,Region B,medium,6030.0
EMP-0203,58900.0,40k-59k,employee_only,55-64,Region B,low,430.0
EMP-0204,62300.0,60k-79k,employee_only,65+,Region A,low,590.0
EMP-0205,65100.0,60k-79k,employee_only,45-54,Region A,low,650.0
EMP-0206,88100.0,80k-119k,employee_only,45-54,Region B,low,910.0
EMP-0207,46000.0,40k-59k,employee_only,55-64,Region B,medium,3820.0
EMP-0208,82600.0,80k-119k,family,45-54,Region A,low,1880.0
EMP-0209,77200.0,60k-79k,employee_only,35-44,Region A,low,1040.0
EMP-0210,60800.0,60k-79k,family,35-44,Region B,low,810.0
EMP-0211,46800.0,40k-59k,employee_only,35-44,Region A,low,460.0
EMP-0212,68500.0,60k-79k,employee_only,45-54,Region A,medium,2850.0
EMP-0213,85600.0,80k-119k,family,45-54,Region A,medium,8250.0
EMP-0214,35800.0,<40k,employee_only,18-24,Region B,low,450.0
EMP-0215,59600.0,40k-59k,employee_only,25-34,Region A,low,810.0
EMP-0216,59700.0,40k-59k,family,35-44,Region B,medium,6800.0
EMP-0217,43100.0,40k-59k,employee_only,25-34,Region A,low,440.0
EMP-0218,43900.0,40k-59k,family,45-54,Region A,medium,9910.0
EMP-0219,28900.0,<40k,employee_only,65+,Region A,low,430.0
EMP-0220,35300.0,<40k,employee_only,25-34,Region A,low,390.0
EMP-0221,29000.0,<40k,employee_only,45-54,Region C,medium,2060.0
EMP-0222,43900.0,40k-59k,employee_only,35-44,Region B,medium,3090.0
EMP-0223,45100.0,40k-59k,employee_only,45-54,Region B,medium,4620.0
EMP-0224,45500.0,40k-59k,employee_only,25-34,Region C,low,730.0
EMP-0225,68600.0,60k-79k,employee_only,45-54,Region A,high,19460.0
EMP-0226,53300.0,40k-59k,employee_only,35-44,Region B,low,580.0
EMP-0227,41800.0,40k-59k,family,45-54,Region B,medium,6920.0
EMP-0228,41900.0,40k-59k,family,25-34,Region B,low,1390.0
EMP-0229,34900.0,<40k,family,35-44,Region C,medium,5480.0
EMP-0230,53100.0,40k-59k,employee_only,55-64,Region A,high,17570.0
EMP-0231,52700.0,40k-59k,employee_only,45-54,Region A,low,790.0
EMP-0232,120400.0,120k+,family,25-34,Region C,low,820.0
EMP-0233,115700.0,80k-119k,employee_only,55-64,Region A,medium,5130.0
EMP-0234,112800.0,80k-119k,employee_only,25-34,Region C,low,260.0
EMP-0235,147800.0,120k+,employee_only,18-24,Region A,medium,2470.0
EMP-0236,33500.0,<40k,employee_only,25-34,Region A,low,380.0
EMP-0237,78500.0,60k-79k,employee_only,45-54,Region C,high,12930.0
EMP-0238,81700.0,80k-119k,employee_only,55-64,Region A,low,490.0
EMP-0239,71900.0,60k-79k,employee_only,55-64,Region A,medium,5000.0
EMP-0240,151000.0,120k+,employee_only,45-54,Region A,low,390.0
EMP-0241,181700.0,120k+,employee_only,55-64,Region A,low,400.0
EMP-0242,90100.0,80k-119k,employee_only,55-64,Region C,low,430.0
EMP-0243,77800.0,60k-79k,family,35-44,Region C,medium,6920.0
EMP-0244,35000.0,<40k,family,45-54,Region A,low,1150.0
EMP-0245,35000.0,<40k,family,55-64,Region A,low,900.0
EMP-0246,79500.0,60k-79k,family,35-44,Region C,low,1570.0
EMP-0247,56100.0,40k-59k,employee_only,25-34,Region A,low,530.0
EMP-0248,31900.0,<40k,employee_only,55-64,Region A,low,780.0
EMP-0249,54900.0,40k-59k,employee_only,18-24,Region A,low,850.0
EMP-0250,68200.0,60k-79k,family,35-44,Region C,low,830.0
EMP-0251,88400.0,80k-119k,employee_only,55-64,Region A,high,28710.0
EMP-0252,55300.0,40k-59k,family,45-54,Region A,low,1720.0
EMP-0253,51400.0,40k-59k,family,35-44,Region A,low,2240.0
EMP-0254,58200.0,40k-59k,family,35-44,Region A,medium,8110.0
EMP-0255,62700.0,60k-79k,employee_only,25-34,Region B,low,690.0
EMP-0256,34400.0,<40k,employee_only,35-44,Region A,medium,3920.0
EMP-0257,84400.0,80k-119k,family,45-54,Region B,low,2300.0
EMP-0258,155400.0,120k+,family,35-44,Region C,high,34830.0
EMP-0259,83700.0,80k-119k,family,45-54,Region B,low,1160.0
EMP-0260,30200.0,<40k,employee_only,55-64,Region A,high,15190.0
EMP-0261,60500.0,60k-79k,employee_only,45-54,Region A,medium,5180.0
EMP-0262,26200.0,<40k,employee_only,45-54,Region A,low,940.0
EMP-0263,25500.0,<40k,employee_only,55-64,Region A,medium,2190.0
EMP-0264,78000.0,60k-79k,family,35-44,Region A,medium,10150.0
EMP-0265,60100.0,60k-79k,employee_only,25-34,Region A,low,550.0
EMP-0266,42600.0,40k-59k,family,45-54,Region B,medium,7770.0
EMP-0267,22700.0,<40k,employee_only,45-54,Region B,medium,3920.0
EMP-0268,32800.0,<40k,family,55-64,Region B,low,2770.0
EMP-0269,62400.0,60k-79k,employee_only,18-24,Region A,low,680.0
EMP-0270,58800.0,40k-59k,family,35-44,Region A,low,1240.0
EMP-0271,79100.0,60k-79k,employee_only,18-24,Region B,low,450.0
EMP-0272,115100.0,80k-119k,family,35-44,Region A,low,1730.0
EMP-0273,49800.0,40k-59k,family,35-44,Region A,low,1590.0
EMP-0274,71600.0,60k-79k,family,25-34,Region C,low,2160.0
EMP-0275,54500.0,40k-59k,employee_only,65+,Region C,low,910.0
EMP-0276,46400.0,40k-59k,employee_only,45-54,Region B,low,610.0
EMP-0277,52000.0,40k-59k,family,35-44,Region C,low,1810.0
EMP-0278,89400.0,80k-119k,employee_only,45-54,Region B,low,1010.0
EMP-0279,36500.0,<40k,employee_only,25-34,Region A,low,890.0
EMP-0280,96900.0,80k-119k,employee_only,25-34,Region C,medium,2390.0
EMP-0281,112800.0,80k-119k,employee_only,45-54,Region B,high,10240.0
EMP-0282,58900.0,40k-59k,employee_only,45-54,Region A,medium,2040.0
EMP-0283,65100.0,60k-79k,employee_only,45-54,Region C,high,9130.0
EMP-0284,30700.0,<40k,employee_only,35-44,Region C,medium,3760.0
EMP-0285,167800.0,120k+,employee_only,25-34,Region A,medium,2120.0
EMP-0286,90100.0,80k-119k,employee_only,35-44,Region A,high,21430.0
EMP-0287,62700.0,60k-79k,family,45-54,Region A,low,1100.0
EMP-0288,59500.0,40k-59k,family,55-64,Region B,low,2040.0
EMP-0289,71000.0,60k-79k,employee_only,55-64,Region A,low,700.0
EMP-0290,43300.0,40k-59k,employee_only,65+,Region A,low,590.0
EMP-0291,65900.0,60k-79k,employee_only,25-34,Region C,medium,3840.0
EMP-0292,38300.0,<40k,employee_only,45-54,Region B,low,360.0
EMP-0293,72500.0,60k-79k,employee_only,65+,Region C,low,240.0
EMP-0294,42700.0,40k-59k,family,25-34,Region B,low,1200.0
EMP-0295,86800.0,80k-119k,employee_only,18-24,Region A,low,650.0
EMP-0296,54900.0,40k-59k,employee_only,25-34,Region C,low,350.0
EMP-0297,65500.0,60k-79k,family,45-54,Region A,low,1820.0
EMP-0298,219800.0,120k+,employee_only,45-54,Region C,high,20570.0
EMP-0299,83300.0,80k-119k,employee_only,25-34,Region A,low,580.0
EMP-0300,65400.0,60k-79k,employee_only,55-64,Region A,high,18270.0
EMP-0301,59200.0,40k-59k,employee_only,25-34,Region B,low,540.0
EMP-0302,36300.0,<40k,employee_only,45-54,Region A,low,580.0
EMP-0303,94500.0,80k-119k,family,25-34,Region A,low,930.0
EMP-0304,119300.0,80k-119k,employee_only,45-54,Region A,medium,4680.0
EMP-0305,59700.0,40k-59k,employee_only,18-24,Region A,low,630.0
EMP-0306,123300.0,120k+,employee_only,35-44,Region B,medium,3910.0
EMP-0307,55100.0,40k-59k,family,25-34,Region B,high,33250.0
EMP-0308,26100.0,<40k,employee_only,45-54,Region A,high,9870.0
EMP-0309,43200.0,40k-59k,employee_only,55-64,Region A,high,25600.0
EMP-0310,36000.0,<40k,family,25-34,Region A,high,25790.0
EMP-0311,51300.0,40k-59k,employee_only,55-64,Region A,medium,2880.0
EMP-0312,76900.0,60k-79k,employee_only,35-44,Region B,low,530.0
EMP-0313,38200.0,<40k,employee_only,35-44,Region A,low,600.0
EMP-0314,55900.0,40k-59k,employee_only,25-34,Region A,low,620.0
EMP-0315,63400.0,60k-79k,employee_only,18-24,Region A,medium,3210.0
EMP-0316,41700.0,40k-59k,employee_only,18-24,Region A,low,340.0
EMP-0317,38500.0,<40k,employee_only,55-64,Region A,low,500.0
EMP-0318,60300.0,60k-79k,employee_only,18-24,Region A,low,540.0
EMP-0319,85900.0,80k-119k,family,45-54,Region B,low,1740.0
EMP-0320,44200.0,40k-59k,family,35-44,Region A,medium,9130.0
EMP-0321,41400.0,40k-59k,family,35-44,Region A,high,64300.0
EMP-0322,54400.0,40k-59k,family,35-44,Region A,low,1930.0
EMP-0323,66100.0,60k-79k,employee_only,18-24,Region B,low,350.0
EMP-0324,45400.0,40k-59k,employee_only,25-34,Region A,low,570.0
EMP-0325,49900.0,40k-59k,employee_only,45-54,Region B,medium,3770.0
EMP-0326,52300.0,40k-59k,employee_only,55-64,Region C,high,13920.0
EMP-0327,35600.0,<40k,family,35-44,Region A,medium,14260.0
EMP-0328,53500.0,40k-59k,family,35-44,Region A,high,35650.0
EMP-0329,45100.0,40k-59k,family,45-54,Region B,low,920.0
EMP-0330,118300.0,80k-119k,employee_only,18-24,Region B,low,300.0
EMP-0331,46000.0,40k-59k,family,35-44,Region B,low,1220.0
EMP-0332,71200.0,60k-79k,family,55-64,Region A,medium,7150.0
EMP-0333,68800.0,60k-79k,family,35-44,Region B,low,1260.0
EMP-0334,35100.0,<40k,family,25-34,Region A,low,670.0
EMP-0335,33100.0,<40k,family,35-44,Region A,medium,8460.0
EMP-0336,47500.0,40k-59k,employee_only,35-44,Region B,low,830.0
EMP-0337,78100.0,60k-79k,employee_only,55-64,Region B,medium,2590.0
EMP-0338,44800.0,40k-59k,family,45-54,Region C,low,1790.0
EMP-0339,43200.0,40k-59k,employee_only,25-34,Region A,medium,2620.0
EMP-0340,22000.0,<40k,employee_only,35-44,Region A,medium,2440.0
EMP-0341,48500.0,40k-59k,employee_only,45-54,Region A,low,900.0
EMP-0342,66800.0,60k-79k,employee_only,45-54,Region A,medium,4210.0
EMP-0343,70800.0,60k-79k,family,25-34,Region A,medium,11590.0
EMP-0344,70400.0,60k-79k,employee_only,35-44,Region A,low,1270.0
EMP-0345,50000.0,40k-59k,employee_only,45-54,Region C,medium,3280.0
EMP-0346,52400.0,40k-59k,employee_only,25-34,Region C,medium,3260.0
EMP-0347,84300.0,80k-119k,family,45-54,Region C,low,1540.0
EMP-0348,54600.0,40k-59k,family,25-34,Region A,medium,14150.0
EMP-0349,22000.0,<40k,employee_only,25-34,Region A,medium,4580.0
EMP-0350,91800.0,80k-119k,family,35-44,Region B,low,1070.0
EMP-0351,35700.0,<40k,employee_only,45-54,Region C,medium,2470.0
EMP-0352,107700.0,80k-119k,employee_only,35-44,Region B,low,640.0
EMP-0353,124300.0,120k+,family,35-44,Region A,medium,10220.0
EMP-0354,81700.0,80k-119k,employee_only,25-34,Region C,low,670.0
EMP-0355,87100.0,80k-119k,family,35-44,Region A,low,1780.0
EMP-0356,133800.0,120k+,employee_only,35-44,Region A,low,530.0
EMP-0357,35300.0,<40k,employee_only,18-24,Region A,high,21010.0
EMP-0358,65000.0,60k-79k,employee_only,45-54,Region C,medium,4130.0
EMP-0359,64600.0,60k-79k,family,25-34,Region A,low,1070.0
EMP-0360,37500.0,<40k,family,35-44,Region B,low,940.0
EMP-0361,143400.0,120k+,family,35-44,Region A,medium,9300.0
EMP-0362,44700.0,40k-59k,employee_only,45-54,Region A,high,14670.0
EMP-0363,41700.0,40k-59k,employee_only,55-64,Region B,low,340.0
EMP-0364,65400.0,60k-79k,family,45-54,Region A,medium,11220.0
EMP-0365,92200.0,80k-119k,employee_only,25-34,Region A,low,650.0
EMP-0366,44300.0,40k-59k,employee_only,25-34,Region B,low,920.0
EMP-0367,44300.0,40k-59k,family,35-44,Region B,low,1440.0
EMP-0368,72800.0,60k-79k,employee_only,35-44,Region A,low,580.0
EMP-0369,30500.0,<40k,employee_only,45-54,Region A,high,10210.0
EMP-0370,41000.0,40k-59k,employee_only,35-44,Region C,medium,5390.0
EMP-0371,39800.0,<40k,family,35-44,Region B,low,1820.0
EMP-0372,47700.0,40k-59k,employee_only,35-44,Region A,high,23150.0
EMP-0373,54400.0,40k-59k,family,35-44,Region B,high,40310.0
EMP-0374,133000.0,120k+,family,55-64,Region A,high,43080.0
EMP-0375,87200.0,80k-119k,employee_only,45-54,Region B,medium,3690.0
EMP-0376,58600.0,40k-59k,employee_only,45-54,Region C,medium,2520.0
EMP-0377,52400.0,40k-59k,employee_only,65+,Region A,low,430.0
EMP-0378,86000.0,80k-119k,employee_only,45-54,Region A,low,1130.0
EMP-0379,70300.0,60k-79k,employee_only,45-54,Region B,low,630.0
EMP-0380,86600.0,80k-119k,employee_only,45-54,Region C,low,440.0
EMP-0381,108000.0,80k-119k,employee_only,45-54,Region B,low,340.0
EMP-0382,36800.0,<40k,employee_only,55-64,Region B,low,370.0
EMP-0383,22000.0,<40k,employee_only,35-44,Region C,high,18930.0
EMP-0384,57400.0,40k-59k,family,35-44,Region A,high,31350.0
EMP-0385,60100.0,60k-79k,employee_only,25-34,Region B,high,11540.0
EMP-0386,66000.0,60k-79k,family,55-64,Region B,low,1360.0
EMP-0387,44300.0,40k-59k,family,25-34,Region A,low,1660.0
EMP-0388,52200.0,40k-59k,family,55-64,Region B,low,2290.0
EMP-0389,74600.0,60k-79k,family,35-44,Region A,low,1100.0
EMP-0390,76400.0,60k-79k,employee_only,65+,Region A,low,440.0
EMP-0391,105600.0,80k-119k,family,25-34,Region A,low,1660.0
EMP-0392,22000.0,<40k,employee_only,25-34,Region A,medium,2760.0
EMP-0393,27600.0,<40k,family,45-54,Region B,low,1960.0
EMP-0394,112000.0,80k-119k,family,35-44,Region C,medium,7230.0
EMP-0395,76300.0,60k-79k,employee_only,35-44,Region A,low,350.0
EMP-0396,82900.0,80k-119k,family,25-34,Region C,low,1140.0
EMP-0397,51000.0,40k-59k,employee_only,25-34,Region A,high,9770.0
EMP-0398,46900.0,40k-59k,employee_only,55-64,Region A,low,470.0
EMP-0399,63500.0,60k-79k,employee_only,35-44,Region A,low,660.0
EMP-0400,38000.0,<40k,family,45-54,Region A,low,1480.0
EMP-0401,29100.0,<40k,family,35-44,Region C,low,1400.0
EMP-0402,35200.0,<40k,family,35-44,Region B,low,930.0
EMP-0403,61100.0,60k-79k,employee_only,55-64,Region A,low,430.0
EMP-0404,77300.0,60k-79k,employee_only,55-64,Region A,medium,2850.0
EMP-0405,121900.0,120k+,family,35-44,Region B,low,1590.0
EMP-0406,68600.0,60k-79k,employee_only,45-54,Region A,low,1360.0
EMP-0407,71700.0,60k-79k,employee_only,18-24,Region B,medium,2570.0
EMP-0408,124000.0,120k+,employee_only,25-34,Region A,low,780.0
EMP-0409,40900.0,40k-59k,employee_only,35-44,Region B,medium,2180.0
EMP-0410,37700.0,<40k,employee_only,35-44,Region A,low,390.0
EMP-0411,45500.0,40k-59k,family,25-34,Region A,low,730.0
EMP-0412,55500.0,40k-59k,employee_only,45-54,Region A,low,430.0
EMP-0413,144200.0,120k+,employee_only,25-34,Region B,medium,4700.0
EMP-0414,49600.0,40k-59k,family,55-64,Region B,medium,8410.0
EMP-0415,104400.0,80k-119k,family,25-34,Region A,medium,12990.0
EMP-0416,46900.0,40k-59k,family,45-54,Region A,low,1220.0
EMP-0417,72400.0,60k-79k,family,35-44,Region A,medium,12300.0
EMP-0418,78800.0,60k-79k,family,45-54,Region A,low,1200.0
EMP-0419,73700.0,60k-79k,family,35-44,Region B,medium,11550.0
EMP-0420,81300.0,80k-119k,family,35-44,Region B,low,2570.0
EMP-0421,42500.0,40k-59k,family,45-54,Region A,medium,7820.0
EMP-0422,111700.0,80k-119k,family,55-64,Region A,low,900.0
EMP-0423,90200.0,80k-119k,family,45-54,Region A,medium,16110.0
EMP-0424,42300.0,40k-59k,employee_only,18-24,Region B,medium,2400.0
EMP-0425,72800.0,60k-79k,employee_only,18-24,Region A,low,460.0
EMP-0426,35800.0,<40k,employee_only,25-34,Region B,medium,2920.0
EMP-0427,60500.0,60k-79k,employee_only,35-44,Region A,low,770.0
EMP-0428,34200.0,<40k,employee_only,25-34,Region A,low,710.0
EMP-0429,80100.0,80k-119k,employee_only,55-64,Region C,medium,4100.0
EMP-0430,220200.0,120k+,employee_only,25-34,Region B,low,510.0
EMP-0431,112400.0,80k-119k,family,35-44,Region A,low,1360.0
EMP-0432,80600.0,80k-119k,employee_only,25-34,Region C,low,740.0
EMP-0433,38600.0,<40k,employee_only,25-34,Region C,high,30020.0
EMP-0434,68800.0,60k-79k,family,35-44,Region B,medium,5470.0
EMP-0435,98800.0,80k-119k,family,35-44,Region A,medium,13150.0
EMP-0436,55700.0,40k-59k,employee_only,25-34,Region A,low,780.0
EMP-0437,61500.0,60k-79k,family,45-54,Region A,low,1830.0
EMP-0438,27100.0,<40k,employee_only,55-64,Region B,medium,2560.0
EMP-0439,39500.0,<40k,employee_only,25-34,Region A,low,580.0
EMP-0440,25200.0,<40k,family,25-34,Region B,medium,9760.0
EMP-0441,137300.0,120k+,employee_only,45-54,Region C,medium,2620.0
EMP-0442,71700.0,60k-79k,family,35-44,Region B,high,66290.0
EMP-0443,80400.0,80k-119k,employee_only,18-24,Region A,low,480.0
EMP-0444,52900.0,40k-59k,employee_only,18-24,Region A,low,960.0
EMP-0445,30100.0,<40k,employee_only,65+,Region A,high,10010.0
EMP-0446,62800.0,60k-79k,family,45-54,Region B,medium,5280.0
EMP-0447,43600.0,40k-59k,family,35-44,Region A,medium,4400.0
EMP-0448,37500.0,<40k,family,25-34,Region A,high,56420.0
EMP-0449,59500.0,40k-59k,employee_only,55-64,Region A,low,410.0
EMP-0450,60900.0,60k-79k,family,35-44,Region B,low,1100.0
EMP-0451,53500.0,40k-59k,employee_only,25-34,Region B,low,780.0
EMP-0452,40900.0,40k-59k,family,45-54,Region B,low,2690.0
EMP-0453,37200.0,<40k,family,45-54,Region A,low,1120.0
EMP-0454,58200.0,40k-59k,employee_only,18-24,Region B,medium,5300.0
EMP-0455,100500.0,80k-119k,employee_only,35-44,Region C,low,680.0
EMP-0456,28200.0,<40k,family,35-44,Region C,low,1460.0
EMP-0457,43200.0,40k-59k,employee_only,55-64,Region C,low,370.0
EMP-0458,53900.0,40k-59k,employee_only,25-34,Region C,medium,2000.0
EMP-0459,54000.0,40k-59k,employee_only,25-34,Region B,low,580.0
EMP-0460,44400.0,40k-59k,family,45-54,Region A,medium,8940.0
EMP-0461,138100.0,120k+,employee_only,55-64,Region C,medium,2570.0
EMP-0462,69400.0,60k-79k,family,45-54,Region A,high,30990.0
EMP-0463,37200.0,<40k,employee_only,35-44,Region A,low,350.0
EMP-0464,24900.0,<40k,family,25-34,Region C,low,1660.0
EMP-0465,53700.0,40k-59k,employee_only,25-34,Region C,medium,4150.0
EMP-0466,112900.0,80k-119k,family,45-54,Region A,medium,10970.0
EMP-0467,63300.0,60k-79k,family,25-34,Region C,high,54390.0
EMP-0468,22000.0,<40k,employee_only,55-64,Region A,low,460.0
EMP-0469,31200.0,<40k,employee_only,55-64,Region A,medium,5750.0
EMP-0470,61300.0,60k-79k,family,45-54,Region A,medium,5990.0
EMP-0471,93800.0,80k-119k,employee_only,25-34,Region B,medium,4000.0
EMP-0472,61800.0,60k-79k,employee_only,55-64,Region A,high,14660.0
EMP-0473,62000.0,60k-79k,employee_only,45-54,Region B,high,11410.0
EMP-0474,94000.0,80k-119k,employee_only,45-54,Region A,low,450.0
EMP-0475,102100.0,80k-119k,family,25-34,Region A,medium,10330.0
EMP-0476,42800.0,40k-59k,family,35-44,Region B,low,2140.0
EMP-0477,70600.0,60k-79k,family,45-54,Region B,medium,9550.0
EMP-0478,37700.0,<40k,employee_only,25-34,Region A,low,200.0
EMP-0479,35700.0,<40k,employee_only,25-34,Region A,low,730.0
EMP-0480,75600.0,60k-79k,employee_only,35-44,Region C,low,270.0
EMP-0481,30600.0,<40k,family,45-54,Region B,low,2870.0
EMP-0482,62600.0,60k-79k,employee_only,25-34,Region C,low,610.0
EMP-0483,66800.0,60k-79k,family,45-54,Region A,high,46210.0
EMP-0484,85500.0,80k-119k,employee_only,35-44,Region C,low,800.0
EMP-0485,34600.0,<40k,employee_only,45-54,Region C,low,510.0
EMP-0486,68800.0,60k-79k,family,25-34,Region C,medium,7800.0
EMP-0487,54800.0,40k-59k,employee_only,55-64,Region A,low,490.0
EMP-0488,113200.0,80k-119k,family,25-34,Region B,low,1530.0
EMP-0489,41500.0,40k-59k,employee_only,45-54,Region A,low,580.0
EMP-0490,35200.0,<40k,family,18-24,Region C,medium,9250.0
EMP-0491,72600.0,60k-79k,family,45-54,Region A,medium,2660.0
EMP-0492,39500.0,<40k,employee_only,25-34,Region B,high,16340.0
EMP-0493,32400.0,<40k,employee_only,35-44,Region A,medium,1880.0
EMP-0494,87400.0,80k-119k,employee_only,55-64,Region A,high,43910.0
EMP-0495,70400.0,60k-79k,family,35-44,Region A,low,1930.0
EMP-0496,22000.0,<40k,family,35-44,Region A,low,2030.0
EMP-0497,38300.0,<40k,family,35-44,Region A,medium,10080.0
EMP-0498,35200.0,<40k,employee_only,18-24,Region B,low,710.0
EMP-0499,77500.0,60k-79k,family,45-54,Region B,low,1070.0
EMP-0500,112500.0,80k-119k,employee_only,55-64,Region C,low,740.0
